Umgebung;Diverses;GebrauchtWarenMarkt;71665;Vaihingen an der Enz;Planckstraße;Planckstraße 5, 71665 Vaihingen an der Enz;5;;"Mittwoch: 15:00 - 19:00 Uhr
jeden 1. Samstag im Monat: 10:00 - 16:00 Uhr";;Auf über 500 m² Verkaufsfläche bietet der GebrauchtWarenMarkt gut erhaltene Haushaltsgegenstände, ein umfangreiches Bekleidungssortiment, Bücher sowie künstlerisch wertvolles und auch Kurioses an. Hier finden Sie diverse Produkte wie beispielsweise Elektrogeräte für den Haushalt.;On a sales area of over 500 m², the GebrauchtWarenMarkt offers well-preserved household items, an extensive clothing assortment, books as well as artistically valuable and curious items. Here you will find various products such as electrical appliances for the household.;أصدقاء السكك الحديدية بفورتسهايم موجودون بالفعل منذ ثلاثة عقود واستعادوا محطة سكة حديد قديمة في ديل ويسنشتاين منذ ذلك الحين يستخدمون هذا كناديز يتعامل النادي مع السكك الحديدية ويبحث باستمرار عن أعضاء جدد;;
Umgebung;Kleidung ;Findus - Das WerteHaus;75334;Straubenhardt;Dobler Straße;Dobler Str. 14, 75334 Straubenhardt;14;;"Freitag: 15:00 - 18:00 Uhr
Samstag: 10:00 - 13:00 Uhr";;Pullover, T-Shirts,  und vieles mehr bietet Findus in Straubenhardt. Hier finden Sie gebrauchte Kleidung, zum Teil auch von renommierten Marken für alle Jahreszeiten und für die ganze Familie. ;Sweaters, T-shirts, sweatshirts, pants and much more are available at Findus in Straubenhardt. Here you will find used clothes for all seasons and for the whole family for less money.;طافل متجر للمواد الغذائية المتنوعة خاص للأشخاص االحائزين للرخصة يمكنهم هناك التمويل بأسعار معقولة جدا ، الموادمن مختلف الشركات المتواجدة بالمنطقة;;
Innenstadt;Haushalt;Muggel's Schatztruhe;75177;Pforzheim - Nordstadt;Brettener Straße;Brettener Straße 13, 75177 Pforzheim - Nordstadt;13;;"Montag - Freitag:
10:00 - 17:00 Uhr";"Monday - Friday:
10:00 - 17:00 o'clock";In Muggel's Schatztruhe gibt es gebrauchte Produkte aller Art. Hier finden Sie zum Beispiel gebrauchte Klamotten für alle möglichen Anlässe. Darüber hinaus bietet dieser Laden eine Auswahl an Elektronikartikeln und Möbel an. ;In Muggel's Schatztruhe used products of all kinds are offered. There you will find, for example, clothes for all seasons. Besides, this store offers a selection of electronic products and furniture.; متجر منتجات مستخدمة بجميع أنواعها، ستجد هنا على سبيل المثال الملابس المستعملة لجميع أنواع المناسبات بالإضافة إلى ذلك، يقدم هذا المتجر مجموعة مختارة من الإلكترونيات والأثاث;;muggelsschatztruhe
Innenstadt;Freizeit;"Eisenbahnfreunde Pf
";75180;Pforzheim ;Belremstraße;Belremstraße 74, 75180 Pforzheim;74;;"Jeden 1. Sonntag im Monat,
05. und 06. Januar
jeweils 10:00 -18:00 Uhr
Vatertag 10:00 - 18:00 Uhr";"Every first Sunday of the month,
5th and 6th January: 10:00 - 18:00 o'clock
Father's Day: 10:00 - 18:00 o'clock
";Die Eisenbahnfreunde Pforzheim existieren bereits seit drei Jahrzehnten und haben einen alten Bahnhof in Dill-Weißenstein restauriert. Seitdem nutzen sie diesen als Vereinsheim. Der Verein beschäftigt sich mit Eisenbahnen und sucht stetig neue Mitglieder.;The Eisenbahnfreunde Pforzheim already exists for three decades and have restored an old railway station in Dill-Weißenstein. Since then, they use it as a clubhouse. The association deals with railways and is continually looking for new members.;أصدقاء السكك الحديدية بفورتسهايم موجودون بالفعل منذ ثلاثة عقود واستعادوا محطة سكة حديد قديمة في ديل ويسنشتاين منذ ذلك الحين يستخدمون هذا كناديز يتعامل النادي مع السكك الحديدية ويبحث باستمرار عن أعضاء جدد;;eisenbahnfreunde
Innenstadt;Lebensmittel;Oststadttafel;75175;Pforzheim;Zeppelinstraße;Zeppelinstr. 16, 75175 Pforzheim;16;;"Montag: 10:00 - 14:00 Uhr
Dienstag: 10:00 - 14:00 Uhr
Mittwoch: 9:30 - 13:30 Uhr
Donnerstag: 10:00 - 14:00 Uhr
Freitag: 9:30 - 13:30 Uhr ";"Monday: 10:00 - 14:00 o'clock
Tuesday: 10:00 - 14:00 o'clock
Wednesday: 9:30 - 13:30 o'clock
Thursday: 10:00 - 14:00 o'clock
Friday: 9:30 - 13:30 o'clock ";Die Tafel ist ein Lebensmittelladen für Besitzer des Pforzheimer Passes der Stufe F. Diese Menschen können dort sehr preisgünstig Lebensmittel einkaufen. Firmen aus der Region stellen die Lebensmittel kostenlos zur Verfügung, diese werden gegen einen geringen Betrag weitergegeben.;The Tafel is a grocery store for owners of the Pforzheimer Pass (level F). There, these people can buy cheap foods. Companies from the region donate food, which is passed on for little money.;طافل متجر للمواد الغذائية المتنوعة خاص للأشخاص االحائزين للرخصة يمكنهم هناك التمويل بأسعار معقولة جدا ، الموادمن مختلف الشركات المتواجدة بالمنطقة;Pforzheimpass der Stufe F, Foto;oststadttafel
Innenstadt;Lebensmittel;Brötzinger Tafel ;75179;Pforzheim;Kelterstraße;Kelterstr. 107, 75179 Pforzheim;107;;"Montag - Freitag:
10:00 - 14:00 Uhr
Mittwoch: geschlossen
";"Monday - Friday:
10:00 - 14:00 o'clock
Wednesday: closed
";Die Brötzinger Tafel ist eine ehrenamtliche und durch Spenden finanzierte Essensausgabe. Für wenig Geld erhält man die Möglichkeit verschiedene Lebensmittel zu erwerben.;The Brötzinger Tafel is an honorary and donation-funded food distribution. For little money, you get the possibility to buy different food.;هو التبرع الغذائي المتطوع بتمويل من التبرعات. مقابل القليل من المال تحصل على فرصة لشراء الأطعمة المختلفة;;broetzingertafel
Innenstadt;Freizeit;Wildpark Pforzheim;75175;Pforzheim;Tiefenbronner Straße;Tiefenbronner Str. 100, 75175 Pforzheim;100;Eintritt frei, Futter 1€;"Täglich
07:00 - 20:00 Uhr ";"Daily
07:00 to 20:00 o'clock";Der Wildpark ist eine der bekanntesten und populärsten Freizeitattraktionen in Pforzheim. Es handelt sich hierbei um einen Tierpark, indem hauptsächlich Tiere aus dem Schwarzwald und der Umgebung leben. Der Wildpark ist eine Attraktion für die ganze Familie. ;The Wildpark is one of the most popular and famous leisure attractions in Pforzheim. It is an animal park where mainly animals from the Black Forest and the surrounding can be found. The Wildpark is an attraction for the whole family.;هي واحدة من مناطق الجذب السياحي الأكثر شهرة وشعبية  بفورتسهايم. هذه حديقة حيوانات ،مؤجؤد بها بشكل رئيسي  الحيوانات الحية من الغابة السوداء والمنطقة المحيطة بها. وهي عامل جذب للعائلة بأكملها.;;wildpark
Innenstadt;Freizeit;Enzauenpark;75175;Pforzheim;Hohwiesenweg;Hohwiesenweg 34, 75175 Pforzheim;34;;Durchgehend geöffnet;Open all day;Der Enzauenpark ist der größte Park in Pforzheim. Hier kann man spazieren gehen, picknicken oder den Wasserspielplatz besuchen. Der Park liegt an der Enz und bietet im Sommer große Grünflächen und Spielplätze. Es gibt ein Restaurant, eine Go-Cart Bahn und einen Fußballplatz. ;The Enzauenpark is the largest park in Pforzheim. Here you can go for a walk, picnic or visit the Wasserspielplatz. The park is located on the river Enz and offers large green areas and playgrounds in summer. There is a restaurant, a go-cart track and a football pitch.;هي أكبر حديقة في بفورتسهايم. يمكنك هنا التنزه أو التنزه أو زيارة الملعب المائي. توفر الحديقة مناطق خضراء كبيرة وملاعب في فصل الصيف. يوجد مطعم ومسار للعربة وملعب لكرة القدم ;;enzauenpark
Innenstadt;Freizeit;Benckiserpark;75172;Pforzheim;Zerrenerstraße;Zerrennerstraße 49/A, 75172 Pforzheim;49/A;;Durchgehend geöffnet;Open all day;Der Benckiserpark befindet sich in der Stadtmitte von Pforzheim. Er ist, wie man so schön sagt: klein aber fein. Im Park finden in den Ferien oft Events für Kinder und Jugendliche statt. Es gibt auch einen Bolzplatz und einen Spielplatz.;The Benckiserpark is located in the centre of Pforzheim. Events for children and young people often take place in the park during the holidays. There is also a football field and a playground.;تقع في وسط بفورتسهايم هو، كما يقول المثل: صغيرة ولكنها جميلة. في الحديقة تقام فعاليات للأطفال والشباب في كثير من الأحيان خلال عطلة الاعياد. وهناك أيضا ملعب لكرة القدم;;benckiserpark
Innenstadt;Freizeit;Oststadtpark;75175;Pforzheim;Lindenstraße;Lindenstraße 89, 75175 Pforzheim;89;;Durchgehend geöffnet;Open all day;Der Oststadtpark ist eine kleine Grünfläche inmitten der Oststadt von Pforzheim. Der Park ist perfekt für Spaziergänge in der Mittagspause geeignet. Er beherbergt einen kleinen Spielplatz sowie einen Bolzplatz. Außerdem befindet sich im Park ein kleiner Friedhof.;The Oststadtpark is a small green area in the middle of the eastern city of Pforzheim. It offers the perfect possibility to go for a lunchtime walk. It houses a small playground and a football field. There is also a small graveyard in the park.;الحديقة هي منطقة خضراء صغيرة في وسط مدينة بفورتسهايم الشرقية. الحديقة مثالية للمشي خلال استراحة الغداء. ويضم ملعبًا صغيرًا وملعبًا لكرة القدم. هناك أيضا مقبرة صغيرة في الحديقة;;oststadtpark
Umgebung;Freizeit;Wildgehege Büchenbronn;75180;Pforzheim;Hermannseeweg;Hermannseeweg, 75180 Pforzheim;;Bootsverleih: 7€ pro Stunde;Montag - Sonntag: 11:00 - 21:00 Uhr;;Nahe des Hermannsees liegt das Wildgehege Pforzheim Büchenbronn. Der Wildpark bietet Tiere aus dem Schwarzwald und aus der Umgebung. Die Tiere dürfen gefüttert werden. Das Wildgehege ist somit ein Spaß für die ganze Familie.;The Wildgehege Pforzheim Büchenbronn is located near Lake Hermannsee. The Wildpark offers animals from the Black Forest and the surrounding area. The animals may be fed. The park is therefore fun for the whole family.;هو حوض سباحة صغير في الهواء الطلق. يشتمل على حمام سباحة كبير وزلاجة مائية. بالإضافة إلى ذلك ، يوجد حمام سباحة للأطفال وكشك.;;
Innenstadt;Freizeit;Gasometer Pforzheim;75175;Pforzheim;Hohwiesenweg;Hohwiesenweg 6, 75175 Pforzheim;6;11€;"Täglich
10:00 - 18:00 Uhr
";"Daily
10:00 to 18:00 o'clock";"Der Gasometer Pforzheim ist eine einzigartige Ausstellungslokation mit dem weltgrößten 360° Panorama ""Great Barrier Reef"". Das Panorama ist in einem ehemaligen Gastank der Stadt Pforzheim aufgebaut. Der Gasometer behandelt zusätzlich die Geschichte Pforzheims in einem internen Museum.";"The Gasometer Pforzheim is a unique attraction with the world's largest 360° panorama ""Great Barrier Reef."" The panorama is built in a former gas tank of the city of Pforzheim. The Gasometer also deals with the history of Pforzheim in an internal museum.";هو موقع فريد من نوعه مع أكبر بانوراما 360 درجة في العالم تم بناء البانوراما في خزان غاز سابق لمدينة فورتسهايم. بالإضافة إلى ذلك يوضح تاريخ فورتسهايم في متحف داخلي;;gasometer
Innenstadt;Freizeit;Stadtgarten;75173;Pforzheim;Stadtgarten;Stadtgarten, 75173 Pforzheim;;;Durchgehend geöffnet;Open all day;Der Stadtgarten Pforzheim liegt inmitten der Stadt, direkt an der Nagold. Er umfasst das Reuchlinhaus und das Schmuckmuseum. Ein Spielplatz und eine Wasserfontäne sind auch vorhanden. Im Sommer finden hier oft Events für Kinder und Jugendliche statt.;The Stadtgarten Pforzheim is located in the middle of the city, directly on the Nagold. It includes the Reuchlinhaus and the Schmuckmuseum. A playground and a water fountain are also available. In summer there are often events for children and teenagers.;تقع الحديقة في وسط المدينة ، وتشمل متحف المجوهرات. كما يتوفرعلي ملعب ونافورة مائية. في الصيف ، غالباً ما توجد فعاليات للأطفال والشباب. ;;stadtgarten
Innenstadt;Freizeit;Stadtjugendring Pforzheim ;75175;Pforzheim;Oranierstraße;Oranierstraße 15, 75175 Pforzheim;15;;regelmäßiges Programm ;regular program;Der Stadtjugendring ist ein anerkannter freier Träger der Jugendhilfe und Jugendbildung. Hier werden Freizeiten für Jugendliche und Hilfe für sozial benachteiligte Kinder angeboten.;The Stadtjugendring is a recognised, independent organisation for youth welfare and youth education. There, leisure attractions for young people and help for socially disadvantaged children are offered.;هي مؤسسة مستقلة معترف بها لرعاية وتعليم الشباب. ستجد هنا أنشطة ترفيهية للشباب ومساعدة الأطفال المحرومين اجتماعيًا;;stadtjugendring
Innenstadt;Freizeit;Schmuckmuseum Pforzheim ;75172;Pforzheim;Jahnstraße;Jahnstraße 42, 75172 Pforzheim;42;4,50€ für eine Erwachsene Person.;"Dienstag - Sonntag:
10:00 - 17:00 Uhr";"Tuesday - Sunday:
10:00 - 17:00 o'clock";Das Schmuckmuseum Pforzheim ist ein weltweit einzigartiges Museum zur Geschichte des Schmucks. Rund 2.000 Exponate zeigen Schmuckkunst aus fünf Jahrtausenden, von der Antike bis zur Gegenwart.;The Schmuckmuseum Pforzheim is a unique museum of the history of jewellery worldwide. Around 2000 pieces show jewellery art from five millennia, from antiquity to the present day.;متحف فريد من نوعه في جميع أنحاء العالم من تاريخ المجوهرات. يعرض حوالي 2000 عرض مجوهرات من خمسة آلاف سنة ، من العصور القديمة وحتى الوقت الحاضر;;schmuckmuseum
Innenstadt;Freizeit;Nagoldfreibad;75175;Pforzheim;Hirsauer Straße;Hirsauer Str. 246a, 75175 Pforzheim;246a;Erwachsener 3.50€;"Täglich
9:00 - 20:00 Uhr
";"Daily
9:00 - 20:00 o'clock";Das Nagoldbad ist ein kleines Freibad in Dill-Weissenstein, direkt an der Nagold gelegen. Das Bad umfasst ein großes Schwimmerbecken und eine Wasserrutsche. Zusätzlich gibt es ein Babybecken und einen Kiosk.;The Nagoldbad is a small outdoor swimming pool in Dill-Weissenstein, located directly on the Nagold. The bath has a large swimming pool and a water slide. There is also a baby pool and a kiosk.;هو حوض سباحة صغير في الهواء الطلق. يشتمل على حمام سباحة كبير وزلاجة مائية. بالإضافة إلى ذلك ، يوجد حمام سباحة للأطفال وكشك.;;nagoldfreibad
Umgebung;Freizeit;Schwimmbad Huchenfeld;75181;Pforzheim;Am Heerweg;Am Heerweg 89, 75181 Pforzheim;89;Erwachsener 3.50€;"Montag: 15:00 - 19:00 Uhr
Dienstag, Freitag: 15:00 - 21:00 Uhr Donnerstag: 15:00 - 20:00 Uhr
Samstag, Sonntag: 8:00 - 13:00 Uhr;
";;Das Huchenfelder Schwimmbad ist ein guter Ort zum Entspannen. Hier finden oft Schwimmkurse für Kinder statt. Das Bad besitzt lediglich ein Becken. In den kommenden Jahren soll es renoviert und familienfreundlich umgebaut werden.;The Huchenfelder swimming pool is a good place to relax. Swimming courses for children often take place here. In the coming years it will be renovated and rebuilt in a family-friendly way.;;;
Innenstadt;Freizeit;Wartbergbad Pforzheim;75177;Pforzheim;Zum Höhenfreibad;Zum Höhenfreibad 11, 75177 Pforzheim;11;Erwachsener 3.50€;"Täglich
9:00 - 20:00 Uhr ";"Daily
9:00 - 20:00 o'clock";Das Wartbergbad Pforzheim ist das größte Freibad in Pforzheim. Im Freibad gibt es mehrere Schwimmbecken, eine Wasserrutsche sowie Sprungtürme und einen Kiosk.;The Wartbergbad Pforzheim is the largest outdoor swimming pool in Pforzheim. The outdoor pool contains several swimming pools, a water slide, diving platforms and a kiosk.;هو أكبر حمام سباحة في الهواء الطلق في فورتسهايم. يحتوي المسبح على العديد من أحواض السباحة وزلاجة مائية وأبراج القفز وكشك;;wartbergbad
Innenstadt;Freizeit;Wallberg;75179;Pforzheim;Wallberg;Wallberg, 75179 Pforzheim;;;Durchgehend geöffnet;Open all day;Der Wallberg ist eine Gedenkstätte an den zweiten Weltkrieg. Der Berg besteht aus den Trümmern der zerstörten Stadt Pforzheim. Von hier aus erhält man einen weiten Blick über ganz Pforzheim.;The Wallberg is a memorial to the Second World War. The mountain consists out of the ruins of the destroyed city of Pforzheim. From there, one gets a wide view over the whole of Pforzheim.;هو نصب تذكاري للحرب العالمية الثانية. يتكون الجبل من أنقاض مدينة فورتسهايم المدمرة. من هنا يمكنك الحصول على رؤية واسعة للمدينة.;;wallberg
Innenstadt;Freizeit;Duck Park;75172;Pforzheim;Bäznerstraße;Bäznerstraße 9, 75172 Pforzheim;9;;Durchgehend geöffnet;Open all day;Der Duckpark Pforzheim umfasst einen kleinen Teich und einen Bolzplatz. Hier kann man sich entspannen oder Sport treiben. Ebenso eignen sich die großen Rasenflächen perfekt zum picknicken oder um das Wetter im Sommer zu genießen. ;The Duckpark Pforzheim includes a small pond and a football field. There you can relax and do sports. The large lawns offer the perfect location to picnic or enjoy the weather in summer.;يضم بركة صغيرة وملعب لكرة القدم. هنا يمكنك الاسترخاء أو ممارسة الرياضة. وبالمثل ، فإن المروج الكبيرة مثالية للنزهات أو الاستمتاع بالطقس في فصل الصيف;;duckpark
Innenstadt;Diverses / Möbel;Floh-Laden;75172;Pforzheim;Maximillianstraße;Maximillianstr. 98, 75172 Pforzheim;98;;"Dienstags: 10:00 - 18:00 Uhr
Donnerstags: 10:00 - 18:00 Uhr
Samstags: 9:00 - 13:00 Uhr";"Tuesday: 10:00 - 18:00 o'clock
Thursday: 10:00 - 18:00 o'clock
Saturday: 9:00 - 13:00 o'clock";Der Flohladen führt Hausentrümpelungen durch und verkauft die dabei erworbenen Gegenstände weiter. Er bietet eine große Auswahl an Waren aller Art. Darunter zum Beispiel gebrauchte Möbel, Werkzeug und Dekoration. ;The Flohladen carries out house trashings and sells the items acquired in the process. It offers a large selection of goods of all kinds. These include, for example, used furniture, tools and decoration.;سترجع كل الأشياء الموجودة بالمنازل ويبيعها يقدم مجموعة كبيرة من البضائع من جميع الأنواع ، من بينها  على سبيل المثال  الأثاث المستعمل والأدوات والديكور;;flohladen
Innenstadt;Kleidung;SecondPlus Pforzheim;75181;Pforzheim;Sägewerkstraße;Sägewerkstraße 4E, 75181 Pforzheim;4E;;"Montag - Freitag:
9:00 - 20:00 Uhr
Samstag:
9:00 - 17:00 Uhr";"Monday - Friday:
9:00 - 20:00 o'clock
Saturday:
9:00 - 17:00 o'clock";Der SecondPlus Shop bietet eine große Auswahl an Second-Hand Bekleidung und Accessoires für alle Anlässe und Jahreszeiten. Außerdem findet man hier vermehrt Haushaltsutensilien und weitere nützliche Ausrüstungsgegenstände.;The SecondPlus Shop offers a large selection of second-hand clothing and accessories for all occasions and seasons. In addition you can find household utensils and other useful equipment here.;يقدم المتجر مجموعة واسعة من الملابس والإكسسوارات المستعملة لجميع المناسبات والفصول. بالإضافة إلى ذلك ، ستجد المزيد والمزيد من الأدوات المنزلية وغير;;secondplus
Innenstadt;Kleidung ;Secondhand Boutique ;75173;Pforzheim;Dillsteiner Straße;Dillsteiner Str. 3A, 75173 Pforzheim;3;;"Montag - Freitag:
10:00 - 18:00 Uhr
Samstag:
10:00 - 13:00 Uhr";"Monday - Friday:
10:00 - 18:00 o'clock
Saturday:
10:00 - 13:00 o'clock";Die Secondhand Boutique Fashion verfügt über ein breites Sortiment an Trendmode sowie Accessoires. Hier finden sie Klamotten für die ganze Familie und für alle Anlässe zu günstigen Preisen;The Secondhand Boutique Fashion offers a wide range of trend fashion and accessories. There you will find clothes for the whole family and for all occasions at reasonable prices.;أزياء بوتيك المستعملة لديها مجموعة واسعة من الأزياء والإكسسوارات. ستجد هنا ملابس لجميع أفراد الأسرة ولجميع المناسبات بأسعار معقولة;;secondhandboutique
Innenstadt;Baby & Kind;Elfen-Land Brötzingen;75721;Pforzheim;Mühlstraße;Mühlstraße 4, 75172 Pforzheim;4;;"Montag - Freitag:
9:00 - 18:00 Uhr
Samstag:
9:00 - 13:00 Uhr";"Monday - Friday:
9:00 - 18:00 o'clock
Saturday:
9:00 - 13:00 o'clock";Das Elfen Land ist ein Second-Hand Geschäft, welches sich auf Produkte für Kinder spezialisiert hat. Hier finden Sie alles von Spielzeug über Kinderwägen bis hin zu Klamotten.;The Elfen Land is a second-hand shop specialising in products for children. There you will find everything from toys to clothes.;هو متجر خاص بالأطفال. هنا ستجد كل شيء من اللعب إلى العربات إلى الملابس;;elfenland
Innenstadt;Haushalt / Möbel;Brücke-Lädle;75177;Pforzheim;Hohenstaufenstraße;Hohenstaufenstraße 38, 75177 Pforzheim;38;;"Montag: 16:00 - 18:00 Uhr
Dienstag: 16:00 - 18:00 Uhr
Mittwoch: 11:00 - 13:00 Uhr
Freitag: 11:00 - 13:00 Uhr
";"Monday: 16:00 - 18:00 o'clock
Tuesday: 16:00 - 18:00 o'clock
Wednesday: 11:00 - 13:00 o'clock
Friday: 11:00 - 13:00 o'clock
";Das Brücke-Lädle ist ein Gebrauchtwarenladen für Bedürftige. Im Laden werden sehr gut erhaltene Sachspenden entgegengenommen und weiterverkauft, wie z.B. Bekleidung, elektrische Geräte oder Bücher.;The Brücke-Lädle is a second-hand shop for needy people. The shop accepts donations in very good condition, such as clothing, electrical appliances and books. These products will be resold.;هو متجرللحاجات  المستعملة خاص بالمحتاجين. المتجر يتلقى تبرعات وردت بشكل جيد للغاية ، مثل الملابس أو الأجهزة الكهربائية أو الكتب;;brueckelaedle
Innenstadt;Baby & Kind;Brummbär Kinder Second-Hand ;75177;Pforzheim;Ebersteinstraße;Ebersteinstraße 7, 75177 Pforzheim;7;;"Montag - Donnerstag:
9:00 - 17:00 Uhr
Freitag:
9:00 - 18:00 Uhr";"Monday - Thursday:
9:00 - 17:00 o'clock
Friday:
9:00 - 18:00 o'clock";Das Brrrummbär Kinder Second-Hand ist ein Second-Hand Geschäft, welches  Produkte für Kinder verkauft. Darunter befinden sich Dinge wie Kinderwägen, Spielzeug und Kinderkleidung.;The Brrrummbär Kinder Second-Hand is a Second-Hand shop which sells products for children. These include things such as prams, toys and children's clothing.;متجر خاص بالأطفال منا تجد  أشياء مختلفة مثل العربات واللعب والملابس  ;;brummbaer
Innenstadt;Freizeit;Waldklettergarten Pforzheim;75177;Pforzheim;Tiefenbronner Straße;Tiefenbronner Str. 100, 75175 Pforzheim;100;;"März, April, Oktober
täglich: 13:00 - 18:00 Uhr
Mai bis September
täglich: 10:00 - 18:00 Uhr";"March, April, October
daily: 13:00 - 18:00 o'clock
May to September
daily: 10:00 - 18:00 o'clock";Im Waldklettergarten im Wildpark kann man für einen geringen Eintrittspreis auf verschiedenen Parcours klettern. Es ist ein Spaß für die ganze Familie. Action und Abenteuer sind hierbei garantiert.;In the Waldklettergarten in the Wildpark, you can climb on different courses for a small entrance fee. It's fun for the whole family. Action and adventure are guaranteed.;مقابل رسوم بسيطة يمكنك التزحلق بمختلف أنحاء الغابة إنها متعةو مغامرة لجميع أفراد الأسرة.;;waldklettergarten
Innenstadt;Kleidung;Muck Kinder-Second-Hand;75175;Pforzheim;Birkenweg;Birkenweg 36a, 75175 Pforzheim;36a;;"Montag - Donnerstag:
9:00 - 12:00 Uhr
Freitag:
9:00 - 12:00, 15:00 - 17:30 Uhr
Mittwoch:
geschlossen";"Monday - Thursday:
9:00 - 12:00 o'clock
Friday:
9:00 - 12:00, 15:00 - 17:30 o'clock
Wednesday:
closed";Der kleine Muck Kinder Second-Hand ist ein Geschäft, welches sich auf Produkte für Kinder und Babys spezialisiert hat. Hier finden Sie alles was das Kinderherz begehrt.;The small Muck Kinder Second-Hand is a shop specialising in products for children and babies. There you will find everything a child needs.;متجر الصغير متخصص في منتجات الأطفال والرضع. هنا ستجد كل ما يخص طفلك.;;mucksecondhand
Innenstadt;Diverses;Atlas An und Verkauf;75175;Pforzheim;Östliche Karl-Friedrich-Straße;Östliche Karl-Friedrich-str. 43, 75175 Pforzheim;43;;"Montag - Freitag:
9:30 - 18:00 Uhr";"Monday - Friday:
9:30 - 18:00 o'clock";Bei Atlas An und Verkauf kann man Produkte wie Kleidung, Möbel oder Bücher ver- und ankaufen. Dieses Unternehmen führt Hausentrümpelungen durch. Die dabei erhaltenen Gegenstände werden anschließend im Laden verkauft. ;At Atlas An und Verkauf you can buy and sell products like clothes, furniture or books. This company does house trashing. The items received are then sold in the shop.;يمكنك شراء وبيع منتجات مثل الملابس أو الأثاث أو الكتب. هذه الشركة تجري عمليات تطهيرللمنازل. ثم يتم بيع الموجودات بالمتجر;;atlasanuverkauf
Innenstadt;Kleidung;Coco Fine Second Hand ;75177;Pforzheim;Bertholdstraße;Bertholdstr. 14, 75177 Pforzheim;14;;"Donnerstag: 12:00 - 20:00 Uhr
Freitag: 12:00 - 19:00 Uhr
Samstag: 11:00 - 16:00 Uhr";"Thursday: 12:00 - 20:00 o'clock
Friday: 12:00 - 19:00 o'clock
Saturday: 11:00 - 16:00 o'clock";Bei Coco Fine Second-Hand Stuff gibt es neue und gebrauchte, preiswerte Kleidung für Jung und Alt. In diesem Laden finden Sie passende Kleidung für alle Jahreszeiten und Anlässe für sich und Ihre Familie.;Coco Fine Second-Hand Stuff offers new and used, inexpensive clothing for young and old. In this shop you will find suitable clothing for all seasons and occasions for yourself and your family.;تجد بهذا المتجر ملابس جديدة ومستعملة للصغار و الكبار و لجميع المناسبات والفصول;;cocosecondhand
Innenstadt;Baby & Kind;Kinder Second-Hand;75177;Pforzheim;Oberer Wingertweg;Oberer Wingertweg 71, 75177 Pforzheim;71;;"Mittwoch: 9:00 - 12:00 Uhr
Freitag: 15:00 - 17:30 Uhr";"Wednesday: 9:00 - 12:00 o'clock
Friday: 15:00 - 17:30 o'clock";Der in der Oststadt gelegene Ad Minima - Kinder Second-Hand ist ein Gebrauchtwarenhandel in Pforzheim für Kinderkleidung und Babyartikel. Außerdem ist diserer Laden eine Annahmestelle für gebrauchte Kinderutensilien.;The Ad Minima - Kinder Second-Hand in the eastern part of Pforzheim is a second-hand shop for children's clothing and baby articles. Furthermore the store is an acceptance point for used children's utensils.;هو متجر للملابس وألأدوات المستعملة  الخاصة بالأطفال و الرضع إضافة الى ذالك  يقوم بتجميع الأدوات  المستعملة;;adminima
Innenstadt;Kleidung;Cinderella Shop;75179;Pforzheim;Eisenbahnstraße;Eisenbahnstr. 1, 75179 Pforzheim;1;;"Montag - Freitag:
10:00 - 14:00, 15:00 - 18:00 Uhr
Samstag:
12:00 - 16:00 Uhr";"Monday - Friday:
10:00 - 14:00, 15:00 - 18:00 o'clock
Saturday:
12:00 - 16:00 o'clock";Im Sortiment dieses Ladens finden Sie gebrauchte, aktuelle Marken- und Designerbekleidung für klein und groß. Hier finden Sie auch Accessoires wie Handtaschen und Schuhe.;In the assortment of this shop you will find used, current brand and designer clothing for small and large. There you will also find accessories such as handbags and shoes.;متجر خاص بالملابس  المستعملة من الماركات المعروفة للكبار و الصغار كما توجد كذالك أحدية  وشنط نسائية;;cinderella
Innenstadt;Kleidung;DRK-Kleiderladen;75177;Pforzheim;Kronprinzenstraße;Kronprinzenstr. 22, 75177 Pforzheim;22;;"Dienstag, Donnerstag:
10.00 - 12.00, 14.00 - 16.00 Uhr
Mittwoch:
10:00 - 12:00 Uhr.";"Tuesday, Thursday:
10.00 - 12.00, 14.00 - 16.00 o'clock
Wednesday:
10:00 - 12:00 o'clock";Im DRK Kleidungsgeschäft kann man gegen eine kleine Spende günstige Kleidung an- und verkaufen. Zudem werden hier auch Erste-Hilfe Kurse angeboten.;In the DRK clothing shop you can buy and sell cheap clothing for a small donation. First aid courses are also offered there.;متجر خاص بالصليب الأحمر الألماني هنا يمكنك مقابل تبرع بسيط شراء وبيع  الملا بس كما يستعمل المحل لتقديم دورات الإسعافات الأولية;;drk
Innenstadt;Freizeit;Römisches Museum Pforzheim;75175;Pforzheim;Altstädter Straße;Altstädter Str. 26, 75175 Pforzheim;26;Eintritt Frei;"Dienstag - Sonntag:
10:00 - 17:00 Uhr";"Tuesday - Sunday:
10:00 - 17:00 o'clock";Das Archäologische Museum behandelt die römische Geschichte Pforzheims vor über 2000 Jahren. Die Überreste der Römer sind heute noch in Pforzheim zu finden. ;The Archaeological Museum Pforzheim deals with the Roman history of Pforzheim over 2000 years ago. The remains of the Romans can still be found in Pforzheim today.;متحف أثري يحكي تاريخ فورتسهايم الروماني منذ أكثر من 2000 عام و لا يزال الممكن العثور على بقايا الروماناليوم في بفورتسهايم;;archaeologischesmuseum
Umgebung;Freizeit;Maislabyrinth Eutingen;75181;Pforzheim;Auf der Höhe ;Auf der Höhe 67, 75181 Pforzheim;67;Erwachsener 2,50€;Samstag - Sonntag 11:00 - 19:00 Uhr;;Hierbei handelt es sich um einen Irrgarten aus Maiskolben, bei dem es darum geht, die Mitte zu erreichen, ohne sich dabei im Labyrinth zu verirren. Der Irrgarten hat nur im Sommer, bei gutem Wetter geöffnet. Am Labyrinth finden auch häufig Volksfeste statt, bei denen ein Biergarten aufgebaut wird.;This is a corncob maze. The goal is to reach the center without getting lost in the maze. The maze is only open in summer, in good weather. The labyrinth also often hosts folk festivals where a beer garden is built up.;;;
Umgebung;Freizeit;Aussichtsturm Hohe Warte;75181;Pforzheim;;75181 Pforzheim;;;;;Die Hohe Warte ist ein Aussichtsturm und bietet einen fantastischen Blick über ganz Pforzheim und das Umland. Der Turm wurde am 17.10.2002 eröffnet und ist seitdem das Markenzeichen der Stadt Hohenwart. Vom Turm aus hat man die Möglichkeit, an guten Tagen bis nach Karlsruhe zu blicken.;The Hohe Warte is an observation tower and offers a fantastic view over the whole of Pforzheim and the surrounding area. The tower was opened on 17th Oktober 2002. Since then it is the trademark of the town of Hohenwart. From the tower you have the opportunity to see Karlsruhe on good days.;;;
Umgebung;Freizeit;Freibad Niefern;75223;Niefern-Öschelbronn;Bohnenbergerstraße;Bohnenbergerstraße 1/1, 75223 Niefern-Öschelbronn;01. Jan;;Mo. - Fr. von 9.00 bis 20.00 Uhr nur in der Sommersaison Sa. + So. von 8.00 bis 20.00 Uhr;;Das Bad umfasst ein großes Schwimmerbecken und ein Nichtschwimmerbecken für Kinder. Gegen einen günstigen Eintrittspreis lässt sich hier ein schöner Sommertag verbringen.;;;;
Umgebung;Freizeit;Hallenbad Niefern;75223;Niefern-Öschelbronn;Bischwiese;Bischwiese 4 75223 Niefern-Öschelbronn;4;;Dienstag  14:00–19:00 - Mitte September bis Mitte Mai Mittwoch 07:00–12:00, 14:00–20:00 Donnerstag 08:00–12:00, 14:00–19:00 Freitag, Samstag 14:00–19:00 Sonntag 09:00–15:00;;Das Hallenbad Niefern bietet Wasserspaß für die ganze Familie. Dazu tragen eine Wasserrutsche und Sprungtürme bei. Auch ein Kiosk und ein Babybecken ist hier vorhanden.;;;;
Umgebung;Kleidung;Hauptsache-Schuhe ;75245;Neulingen;Fasanenstraße ;Fasanenstraße 18, Neulingen, 75245 Neulingen;18;;Montag - Sonntag 24h geöffnet;;Hierbei handelt es sich um ein Geschäft für gebrauchte Schuhe. Für einen günstigen Einkaufspreis hat man hier die Möglichkeit, gebrauchte Schuhe für alle Anlässe und für jede Jahreszeit zu erwerben.;;;;
Umgebung;Kleidung;Castan Second Hand Shop;75417;Mühlacker;Mühlackerstraße;Mühlackerstraße 104, 75417 Mühlacker;104;;"Montag, Dienstag, Donnerstag, Freitag 09:30–16:00
";;Der Gebrauchtwarenladen von Claudia Castan bietet qualitativ einwandfreie Kleidung für Jedermann. Hier findet jeder etwas Passendes zum Anziehen für nur wenig Geld.;;;;
Umgebung;Diverses;Battlecry Records;75417;Mühlacker;Götzentor;Götzentor 16, 75417 Mühlacker;16;;Montag - Sonntag 24h geöffnet;;Hier finden sie billige, zum Teil seltene CD's und Schallplatten. Des Weiteren besitzt dieser Laden einen Onlineshop. Perfekt für Musikliebhaber.;;;;
Umgebung;Lebensmittel;Mühlacker Tafel e. V.;75417;Mühlacker;Industriestraße;Industriestraße 16, 75417 Mühlacker;16;;Montag - Donnerstag 09:00–20:00 Uhr;;"Die Mühlacker Tafel e.V. setzt sich mit dem Tafelladen in der Industriestraße 16 in Mühlacker dafür ein, dass das tägliche Brot auf jeden Tisch kommt, in dem sie ""überschüssige“, aber qualitativ einwandfreie Lebensmittel einsammelt und diese an Bedürftige weitergibt.";;;;
Umgebung;Baby & Kind;Kinder-2nd-Hand;76307;Karlsbad;Benzstraße;Benzstraße 3, 76307 Karlsbad;3;;"Montag: 09:30 - 12:00,
15:00 - 17:30 Uhr
Dienstag: 09:30 - 12:00,
15:00 - 17:30 Uhr
Donnerstag: 09:30 - 12:00,
15:00 - 17:30 Uhr
Freitag: 09:30 - 12:00,
15:00 - 17:30 Uhr
Samstag 9:30 - 12:30 Uhr";;Im Kinder 2nd Hand gibt es eine große Auswahl an gebrauchter Kleidung, Spielzeug und weitere Ausstattungsgegenständer für ihr Kind oder Baby. Alle Produkte, die dieser Laden verkauft sind sehr preiswert.;;;;
Umgebung;Kleidung;MO! Second Hand;76307;Karlsbad;Eisenbahnstraße;Eisenbahnstraße 17, 76307 Karlsbad;17;;"Dienstag: 09:00 - 12:00,
15:00 - 17:00 Uhr
Donnerstag: 09:00 - 12:00,
15:00 - 17:00 Uhr
Freitag: 09:00 - 12:00,
15:00 - 17:00 Uhr";;Der MO! Second Hand bietet eine große Auswahl an gebrauchter Damenkleidung aller Art. Des Weiteren bietet dieser Laden ein großes Sortiment an Accessoires und Dekoartikeln an. Perfekt geeignet für eine Shoppingtour.;;;;
Umgebung;Freizeit;Hallenbad Ispringen;75228;Ispringen;Turnstraße;Turnstraße 50, 75228 Ispringen;50;Erwachsene 3,00 €;"Montag: 17:00 - 20:30 Uhr
Mittwoch: 15:00 - 21:00 Uhr
Donnerstag: 17:00 - 20:30 Uhr
Freitag: 15:00 - 21:00 Uhr
Samstag: 9:00 - 11:30,
14:00 - 17:00 Uhr
Sonntag: 8:00 - 11:00 Uhr";;Das Ispringer Hallenbad ist ein kleines Schwimmbad. Hier haben Sie die Möglichkeit ihr Kind für einen Schwimmkurs anzumelden oder an Wassergymnastikkursen teilzunehmen. Das Bad umfasst lediglich ein großes Schwimmerbecken.;;;;
Umgebung;Kleidung;Fifty-Fifty;75339;Höfen an der Enz;Hindenburgstraße;Hindenburgstraße 62, 75339 Höfen an der Enz;62;;"Montag: 15:00 - 18:30 Uhr
Dienstag: 15:00 - 18:30 Uhr
Donnerstag: 15:00 - 18:30 Uhr
Freitag: 15:00 - 18:30 Uhr
Samstag 10:00-13:00 Uhr ";;Der Fifty-Fifty Shop bietet eine große Auswahl an Second-Hand Bekleidung und Accessoires. Für wenig Geld kann man hier qualitativ einwandfreie Klamotten für Jedermann erwerben.;;;;
Umgebung;Kleidung;W54 Kaufhaus;75015;Bretten;Weißhoferstraße;Weißhoferstraße 56, 75015 Bretten;56;;"Montag - Freitag: 10:00 - 16:00 Uhr
Samstag: 10:00 -13:00 Uhr";;Im W54 gibt es bereits genutzte aber nun billig zum Verkauf stehende Kleidungsstücke, zum Teil von renommierten Marken für wenig Geld. Hier werden alle Altersgruppen fündig.;;;;
Umgebung;Freizeit;Schloss Neuenbürg ;75305;Neuenbürg;Hintere Schloßsteige;Hintere Schloßsteige 63, 75305 Neuenbürg;63;;Fest geregelter Veranstaltungskalender;;"Das Schloss Neuenbürg ist eine alte Burgruine mit Restaurant, Museum und vielen Kindererlebnisangeboten. Des Weiteren wird hier ""das Kalte Herz"", ein Märchen von Wilhelm Hauff aufgeführt.";;;;
Umgebung;Freizeit;Sommerbergbahn;75323;Bad Wildbad;Uhlandplatz;Uhlandpl. 5, 75323 Bad Wildbad;5;"Erwachsene (ab 15 J.)4,00 €

Kinder2,50 €";08:45 - 20:45 Uhr Jede halbe Stunde;;Die Sommerbergbahn in Bad Wildbad ist eine Standseilbahn welche auf den Sommerberg hinauffährt. Auf dem Sommerberg finden sie viele weitere Attraktionen wie z.B. den Baumwipfelpfad.;;;;
Umgebung;Freizeit;Baumwipfelpfad;75323;Bad Wildbad;Peter-Liebig-Weg;Peter-Liebig-Weg 16, 75323 Bad Wildbad;16;Erwachse-ner 6€ Kinder 4€;9.30 - 18:00 Uhr täglich;;Der Baumwipfelpfad ist ein bis zu 40m hoher Weg durch die Baumkronen des Schwarzwaldes. Hier kann man Nervenkitzel und Spaß gleichzeitig erleben. Somit ist diese Person ein echtes Abenteuer.;;;;
Umgebung;Freizeit;Kristallgrotte Bad Wildbad;75323;Bad Wildbad;Bätznerstraße;Bätznerstraße 80, 75323 Bad Wildbad;80;Erwachsener 4€ Kind 3€;"Montag: 10:00 - 12:00 Uhr
Freitag: 10:00 - 12:00 Uhr
Samstag: 10:00 –12:00 Uhr
Dienstag: 10:00 – 12:00 Uhr
15:00 – 18:00 Uhr
Donnerstag: 10:00 – 12:00 Uhr
15:00 – 18:00 Uhr";;Die Salzhöhle Bad Wildbad ist der perfekte Ort zur Entspannung und zum Ausruhen. Der Eintritt ist billiger als bei einer Sauna und ist somit eine sehr günstige Alternative zum Ausruhen.;;;max. 8 Personen auf Einmal;
Umgebung;Freizeit;Kurpark Bad Wildbad;75323;Bad Wildbad;Kernerstraße;Kernerstraße 51, 75323 Bad Wildbad;51;;24/7 Geöffnet;;"Besucher der Enzanlagen können sich an einer Vielzahl alter und seltener Bäume erfreuen, und finden auf ihrem Rundgang durch den Park ruhige und beschauliche Plätze wie den ""Rosengarten"", oder den ""Schwanensee"".";;;;
Umgebung;Freizeit;Freibad Neuenbürg;75305;Neuenbürg;Im Breiten Tal;Im Breiten Tal, 75305 Neuenbürg;;Erwachsene 4€ Kinder 2.50€;Montag - Samstag: 10:00 - 19:00 Uhr Sonntag: 9:00 - 19:00 Uhr;;Das Neuenbürger Freibad liegt idyllisch im Schwarzwald und bietet viele Möglichkeiten für die ganze Familie. Es gibt ein großes Schwimmerbecken und viele Sprungtürme. Für Kleinkinder und Babys bietet das Bad ein Babybecken, sowie einen Wasserspielplatz.;;;;
Umgebung;Freizeit;FUXINI Mühlacker;75417;Mühlacker;Pforzheimer Straße;Pforzheimer Str. 113/1, 75417 Mühlacker;113/1;Erwachsene 4€ Kinder 8€;täglich 10:00 - 19:00 Uhr;;In einer 2000 m² großen Halle warten viele tolle Spielmöglichkeiten auf Ihr Kind. Vom riesigen Kletterturm über die Korkenzieherrutsche, Go-Kart- Bahn und das Fußballfeld bis hin zum Bällebad für die Kleinsten finden Sie hier alles, was ein Kinderherz begehrt.;;;;
Innenstadt;Freizeit;Spielplatz Tiergarten;75175;Pforzheim;Lion-Feuchtwanger-Allee;Lion-Feuchtwanger-Allee, 75175 Pforzheim;;;Durchgehend geöffnet;Open all day;Der Tiergartenspielplatz liegt im Wald und ist somit sehr naturnah. Er umfasst ein kleines Klettergerüst, Schaukeln und einen Sandkasten.;The Tiergarten playground is located in the forest and is therefore very close to nature. It includes a small climbing frame, swings and a sandpit.;مساحة للعب الأطفال فيوسط  الغابة بها إطار تسلق صغير ، أرجوحات وحفرة رملية. ;;spielplatztiergarten
Innenstadt;Freizeit;Spielplatz Weiherberg;75173;Pforzheim;Morsestraße;Morsestraße 48, 75173 Pforzheim;48;;Durchgehend geöffnet;Open all day;Ein schöner Spielplatz in ruhiger Umgebung mit einem Klettergerüst und Sandkasten. Der Spielplatz hat keine direkte Straßenanbindung, was ihm eine gewisse Naturnähe verleiht.;A beautiful playground in quiet surroundings, including a climbing frame and sandpit. The playground has no direct road connection, which gives it a certain closeness to nature.;مساحة للعب الأطفال بها حديقة التسلق وأراجيح. وهناك أيضًا طاولة بينج بونج وحفرة رملية ;;
Innenstadt;Freizeit;Spielplatz Gustav-Rau;75173;Pforzheim;Gustav-Rau-Straße;Gustav-Rau-Straße 4, 75173 Pforzheim;4;;Durchgehend geöffnet;Open all day;Der Gustav-Rau Spielplatz bietet einen Kletterparkour und Schaukeln. Eine Tischtennisplatte und ein Sandkasten sind auch vorhanden. ;The Gustav-Rau playground offers a climbing parkour and swings. A table tennis plate and a sandpit are also available.;مساحة للعب الأطفال بها حديقة التسلق وأراجيح. وهناك أيضًا طاولة بينج بونج وحفرة رملية ;;gustavrau
Innenstadt;Freizeit;Wasserspielplatz;75175;Pforzheim;Kanzlerstraße;Kanzlerstraße 105, 75175 Pforzheim;105;;Durchgehend geöffnet;Open all day;Der Wasserspielplatz Pforzheim liegt im Enzauenpark. Hier gibt es viele Wasserattraktionen, an denen Kinder spielen können. So kann man z.B. Staudämme und Boote bauen und als Familie den Tag verbringen.;The Wasserspielplatz Pforzheim is located in the Enzauenpark. There are many water attractions where children can play. For example, you can build dams and boats and spend the day as a family.;بركة مائية يمكن للأطفال استعمالها لمختلف الألعاب ، كبناء السدود والقوارب ;;wasserspielplatz
Innenstadt;Freizeit;Spielplatz Maihälden;75179;Pforzheim;Maurice-Ravel-Straße;Maurice-Ravel-Straße, 75179 Pforzheim;;;Durchgehend geöffnet;Open all day;Der Spielplatz Maihälden liegt in einer ruhigen Gegend und ist für Kinder zwischen 4 und 14 Jahren geeignet. Besonders die große Rutsche ist bei vielen sehr beliebt.;The playground Maihälden is located in a quiet area and is suitable for children between 4 and 14 years. Especially the big slide is very popular with many children.;مساحة للعب الأطفال تقع في حي هادىء  ومناسبة  للأطفال;;
Umgebung;Freizeit;Waldspielplatz Hohenwart;75181;Hohenwart;Kitzenwiesenweg;Kitzenwiesenweg 3, 75181 Hohenwart;3;;Durchgehend geöffnet;;Der Hohenwarter Spielplatz liegt außerhalb von Pforzheim in dem kleinen Stadtteil Hohenwart. Durch seinen abgelegenen Standort ist dieser Spielplatz sehr naturnah.;The Hohenwarter playground is located outside of Pforzheim in the small district of Hohenwart. Due to its remote location, this playground is very close to nature.;;;
Innenstadt;Freizeit;Spielplatz Brötzingen;75179;Pforzheim;Dietlinger Straße;Dietlinger Str., 75179 Pforzheim;;;Durchgehend geöffnet;Open all day;Der Spielplatz Brötzingen umfasst ein weitläufiges Gebiet. Eine Schaukel, ein Sandkasten und einige Rutschen sind hier zu finden.;The Brötzinger playground covers an extensive area. A swing, a sandpit and some slides can be found here.;ساحة لعب الأطفال عبارة عن مساحة كبيرة بها أراجيح وحفر رملية الى جانب منزلقات للتزحلق  ;;
Innenstadt;Freizeit;Kniebisplatz;75179;Pforzheim;Kniebisstraße;Kniebisstraße, 75179 Pforzheim;;;Durchgehend geöffnet;Open all day;Der Kniebisplatz bietet ein kleines Klettergerüst mit Rutsche, Schaukeln und eine Tischtennisplatte. Ein netter Ort um seine Freizeit zu verbringen.;The Kniebisplatz offers a small climbing frame with slide, swings and a table tennis plate. A nice place to spend your free time.;إطار تسلق صغير مع منزلق وأراجيح وطاولة تنس الطاولة. مكان جميل لقضاء وقت فراغك                                        ;;
Innenstadt;Freizeit;Spielplatz Gravelottestraße;75173;Pforzheim;Gravelottestraße ;Gravelottestraße 12, 75173 Pforzheim;;;Durchgehend geöffnet;Open all day;Der Gravelottenspielplatz ist ein kleiner Spielplatz, welcher ein Klettergerüst mit Rutsche, Sandkästen und ein Trampolin umfasst. Eine kostenfreie Möglichkeit, den Nachmittag zu verbringen.;The Gravelottenspielplatz is a small playground, which includes a climbing frame with slide, sandboxes and a trampoline. A free way to spend the afternoon.;;;
Innenstadt;Freizeit;Stadtteilbad Eutingen;75181;Pforzheim;Inselstraße;Inselstraße 3, 75181 Pforzheim;3;Erwachsener 3.50€;"Montag:
7:00 - 9:00 Uhr, 16.00 - 20:00 Uhr
Mittwoch,Donnerstag:
16:00 - 22:00 Uhr
Wochenende/Feiertag:
9:00 - 19:00 Uhr";"Monday:
7:00 - 9:00, 16.00 - 20:00 o'clock
Wednesday, Thursday:
16:00 - 22:00 o'clock
Weekend/Holiday:
9:00 - 19:00 o'clock";Das Schwimmbad verfügt über ein Sportbecken mit einer Bahnlänge von 25m. Für Nichtschwimmer kann der Boden des Schwimmerbeckens angehoben werden. Es gibt einen Wasserpilz, eine Sauna sowie einen kleinen Kiosk.;The swimming pool includes a sports pool with a track length of 25m. For non-swimmers the bottom of the pool can be raised. There is a water mushroom, a sauna and a small kiosk.;;;
Innenstadt;(Staatliche Einrichtungen);Rathaus Pforzheim;75175;Pforzheim;Marktplatz;Marktplatz 1, 75175 Pforzheim;1;;"Montag: 08:00 - 12:00 Uhr
Dienstag: 08:00 - 12:00 Uhr
Mittwoch: 08:00 - 12:00 Uhr
Donnerstag: 08:00 - 12:00 Uhr,
14:00 - 18:00 Uhr
Freitag: 08:00 - 12:00 Uhr";;Ob Kinder, Menschen mit Behinderung oder ausländische Mitbürger - wer Rat und Hilfe sucht findet hier umfangreiche Informationen zu Beratungsangeboten, finanzielle Hilfen, Einrichtungen und Dienstleistungen in der Stadt Pforzheim.;;;;
Innenstadt;(Staatliche Einrichtungen);Amt für öffentliche Ordnung;75175;Pforzheim;Östliche Karl-Friedrich-Straße;"Östliche Karl-Friedrich-Straße 2-4,
75175 Pforzheim";02. Jan;;"Montag:;07:30 - 13:00 Uhr
Dienstag: 07:30 - 13:00 Uhr
Mittwoch: 07:30 - 13:00 Uhr
Donnerstag: 08:00 - 12:00,
 14:00 - 18:00 Uhr
Freitag: 08:00 - 12:00 Uhr";;Hier haben Sie die Möglichkeit sich in der Stadt Pforzheim zu registrieren oder einen deutschen Pass zu beantragen. Des Weiteren kann man hier einen Führerschein und andere wichtige Formulare erhalten.;;;;
Innenstadt;(Staatliche Einrichtungen);Jobcenter Pforzheim;75175;Pforzheim;Blumenhof;Blumenhof 4, 75175 Pforzheim;4;;"Montag: 08:00 - 12:30,
13:30 - 16:00 Uhr
Dienstag: 08:00 - 12:30,
13:30 - 16:00 Uhr
Mittwoch: 08:00 - 12:30,
13:30 - 16:00 Uhr
Donnerstag: 08:00 - 12:30,
13:30 - 18:00 Uhr
Freitag: 08:00 - 12:30 Uhr";;Beim Jobcenter Pforzheim haben Sie die Möglichkeit sich auf dem Arbeitsmarkt umzusehen und mit einem Berufsberater zu sprechen oder Hartz IV zu beantragen. ;;;;
Innenstadt;Diverses / Möbel;ml-kauf;75175;Pforzheim;Naglerstraße;Naglerstraße 2b, 75175 Pforzheim;2b;;"Noch nicht bekannt
öffnet am 13. Juli 2019";Not yet known;"Das Sozialkaufhaus von ""miteinanderleben"", umfasst ein über zwei Stockwerke verteiltes Areal auf rund 800 Quadratmetern Verkaufsfläche. Neben Möbeln und Bekleidung werden  viele weitere Artikel aus den unterschiedlichsten Kategorien angeboten.";"The Sozialkaufhaus of ""miteinanderleben"", includes an area of 800sqm, spread over two floors, where you will have the opportunity to visit several second-hand shops in one place.";;;
Innenstadt;Freizeit;Stadtbücherei;75175;Pforzheim;Deimlingerstraße;Deimlingerstraße 12, 75175 Pforzheim;12;;"Montag:
geschlossen
Dienstag, Mittwoch, Freitag:
11:00 - 19:00 Uhr
Samstag:
10:00 - 17:00 Uhr";"Monday:
closed
Tuesday, Wednesday, Friday:
11:00 - 19:00 o'clock
Saturday:
10:00 - 17:00 o'clock";In der Stadtbücherei kann man für nur wenig Geld viele Bücher, CD's und Filme ausleihen. Auch finden hier häufig Events für Kinder statt.;In the Stadtbücherei, you can borrow a lot of books, CDs and films for just a little money. Also events for children often take place there.;;;stadtbibliothek
;;;;;;;;;;;;;;;
;;;;;;;;;;;;;;;
;;;;;;;;;;;;;;;
;;;;;;;;;;;;;;;
;;;;;;;;;;;;;;;
;;;;;;;;;;;;;;;
;;;;;;;;;;;;;;;
;;;;;;;;;;;;;;;
;;;;;;;;;;;;;;;
;;;;;;;;;;;;;;;
;;;;;;;;;;;;;;;
;;;;;;;;;;;;;;;
;;;;;;;;;;;;;;;
;;;;;;;;;;;;;;;
;;;;;;;;;;;;;;;
;;;;;;;;;;;;;;;
;;;;;;;;;;;;;;;
;;;;;;;;;;;;;;;
;;;;;;;;;;;;;;;
;;;;;;;;;;;;;;;
;;;;;;;;;;;;;;;
;;;;;;;;;;;;;;;
;;;;;;;;;;;;;;;
